{
    "name": "FauxmoESP",
    "keywords": "belkin,wemo,fauxmo,esp8266,esp32,alexa,amazon,echo,dot",
    "description": "Amazon Alexa support for ESP8266 and ESP32 (Amazon Echo & Dot)",
    "repository": {
        "type": "git",
        "url": "https://bitbucket.org/xoseperez/fauxmoESP"
    },
    "version": "3.0.2",
    "license": "MIT",
    "exclude": "tests",
    "frameworks": "arduino",
    "platforms": ["espressif8266", "espressif32"],
    "dependencies": {
        "ESPAsyncTCP": "1.2.0",
        "AsyncTCP": "1.0.1"
    },
    "authors": {
        "name": "Xose Perez",
        "email": "xose.perez@gmail.com",
        "url": "http://tinkerman.cat",
        "maintainer": true
    },
    "examples": [
        "examples/*/*.ino"
    ]
}
